cliente_id,nombre,email,fecha_registro,pais,fecha_nacimiento
1,Buenaventura de Bonet,amayamanuela@example.com,2024-02-18,MX,1962-03-01
2,José Antonio de Flor,banton@example.org,2023-07-24,AR,1960-05-18
3,Reynaldo Cuervo Rocamora,cgimenez@example.net,2023-07-03,ES,1964-06-06
4,Goyo Caballero Palomar,leopoldo23@example.com,2023-09-12,ES,1952-06-15
5,Beatriz del Bermúdez,elisabet40@example.net,2023-03-30,ES,1976-10-06
6,Alonso Goñi Mancebo,paula95@example.net,2024-01-28,AR,1958-08-02
7,Javi Patiño-Cánovas,guerreroroxana@example.org,2024-12-01,CO,1971-05-15
8,Marco Donoso Hierro,pedro34@example.net,2024-07-05,ES,1992-01-06
9,Constanza del Barba,oscarpino@example.com,2024-09-30,MX,2008-06-21
10,Anacleto Galván-Miranda,pacaanton@example.com,2023-07-24,MX,1972-10-19
11,Bienvenida Landa Chaparro,gabrielavalera@example.com,2024-09-19,AR,2005-09-13
12,Viviana Pujol Paredes,marcelajodar@example.net,2023-08-10,ES,1985-04-12
13,Tito Canals Coronado,emilianovergara@example.com,2024-02-02,CO,1951-09-08
14,Francisca Solé Ángel,monicaroca@example.net,2023-08-06,ES,1949-10-27
15,Pili del Nieto,carolina01@example.net,2024-04-17,CO,2005-09-16
16,Poncio Lago Valle,marintrinidad@example.org,2023-07-03,AR,1976-05-17
17,María Fernanda Flor,anunciacioncamino@example.net,2023-12-13,ES,1965-10-22
18,Ágata Abascal,raulcuellar@example.net,2024-06-25,CO,1998-06-26
19,Dimas Ambrosio Hernando Bermúdez,amaya01@example.com,2023-03-31,MX,2005-04-18
20,Raquel de Castellanos,torreolalla@example.org,2023-11-20,MX,1997-04-04
21,Ileana Cloe Font Mesa,qdalmau@example.net,2023-02-13,ES,2004-11-13
22,Duilio Gomila Baró,cperea@example.net,2024-07-25,ES,1976-03-22
23,Abraham de Barral,alfonso98@example.org,2024-03-11,ES,1985-07-17
24,Cándida Lopez,borjaangulo@example.com,2024-01-07,AR,1950-04-28
25,Maricruz Suárez-Herrero,igargallo@example.org,2023-03-24,MX,1994-09-22
26,Felicidad Roda Reig,mramirez@example.org,2024-06-15,ES,1952-02-05
27,Américo Quevedo Nicolau,rbalaguer@example.net,2024-09-12,MX,1989-06-21
28,Berta Roca Español,ibarragregorio@example.org,2023-02-22,ES,1981-12-29
29,Ariel de Alcolea,oscar31@example.com,2023-05-13,ES,2000-06-26
30,Clotilde Quero Barral,guzmanflavio@example.com,2023-06-14,CO,1978-07-19
31,Eloísa Rocha Torrecilla,reynaldoabril@example.com,2024-03-28,AR,1963-07-19
32,Paulina Barrera-Mir,goyomartin@example.org,2023-07-01,AR,1949-06-24
33,Camila Barberá,ayllondaniela@example.com,2024-11-07,ES,1979-09-20
34,Heriberto de Hoz,estevezbruno@example.net,2023-02-07,ES,1950-02-15
35,Lourdes Molina-Julián,bilbaosimon@example.net,2023-01-24,ES,1985-03-21
36,Benigna Marín Sebastián,haydeemiralles@example.org,2024-04-30,CO,1963-07-29
37,Armida Beltrán-Garcés,ursula10@example.com,2024-03-05,ES,1987-10-08
38,Cayetano Isidoro Mate Ángel,eligio51@example.org,2024-03-11,CO,1970-08-24
39,Eligio Carlos Campo,marigracia@example.org,2023-03-30,ES,2005-04-03
40,Clara Laguna Vega,lalolujan@example.net,2023-11-14,AR,1959-11-01
41,Saturnina Lloret Arregui,diglesias@example.org,2023-01-06,MX,1988-08-30
42,Cecilio Sala-Roma,mugicamaria-manuela@example.org,2023-12-04,ES,1988-11-08
43,Leandro Araujo Peiró,caparroscarlos@example.net,2024-06-19,MX,2007-01-05
44,Ximena Ariño Pallarès,titocastell@example.org,2023-07-25,ES,1966-06-23
45,Reyna Ramos Cortes,isabeliborra@example.net,2024-10-17,ES,1952-06-29
46,Aitana Escobar Márquez,rosauracamara@example.org,2024-03-29,ES,2005-06-24
47,Graciano Arias Sosa,rhurtado@example.org,2024-07-12,MX,1999-01-30
48,Dani de Ferrando,heracliosegui@example.com,2023-05-10,ES,1966-04-08
49,Gabino Vergara-Pulido,rmoya@example.org,2024-05-02,ES,1998-02-15
50,Alejo Camps-Rovira,amaro14@example.org,2023-05-15,CO,1985-01-03
51,Guadalupe Falcón Iñiguez,luisina56@example.net,2024-09-06,CO,1980-04-20
52,Noelia de Pascual,rubioabel@example.net,2023-06-04,AR,2008-06-26
53,Narcisa Casanovas Mas,qbecerra@example.com,2024-02-23,ES,1987-11-27
54,Leonel Bernardo Feliu Rivero,griselda65@example.com,2023-04-09,ES,1992-12-11
55,Maite Abad Mateu,ndavila@example.net,2023-05-28,ES,1965-12-24
56,Josefa Sala Salamanca,humberto69@example.net,2023-06-28,ES,1990-01-19
57,Erasmo Villalba Naranjo,ariadnasaenz@example.net,2024-02-24,ES,1957-01-17
58,Candelario Amat,gutierrezhortensia@example.com,2023-08-01,AR,1960-10-14
59,Javier Ribas Ferreras,hierroaitana@example.net,2023-11-23,MX,2003-04-29
60,Victoriano Campillo Rodríguez,zurrutia@example.org,2023-08-28,ES,1955-07-17
61,Diana de Sastre,gabrielvillaverde@example.com,2023-05-01,ES,1948-12-01
62,Martirio del Salas,nicolasasobrino@example.net,2023-07-10,CO,1981-08-23
63,Javiera Jove Huertas,ksalmeron@example.net,2023-03-16,AR,2004-02-15
64,Isidro Berenguer-Macias,maria-dolores87@example.net,2023-10-22,ES,1961-10-12
65,Anita de Contreras,lalonarvaez@example.com,2024-08-22,ES,2006-04-09
66,Hipólito Ramón Muro,rodolfocorominas@example.net,2023-12-12,ES,1960-01-22
67,Gema Aller Pintor,dricart@example.org,2024-01-22,MX,2002-03-06
68,Tamara Rius Giménez,waguado@example.com,2023-12-11,MX,1996-10-09
69,Guiomar Navarrete Quiroga,rgimenez@example.com,2024-01-31,MX,1978-07-19
70,Alba del Amores,priscilasolsona@example.org,2024-01-15,AR,1987-11-05
71,Eladio Pinilla Morán,romeroelpidio@example.com,2023-04-05,ES,1957-11-12
72,Eligia Robles Iniesta,waltermorillo@example.com,2023-02-08,ES,1997-04-20
73,Gabino Gomez Bayona,sosaalejo@example.net,2024-02-13,MX,1982-03-17
74,María Corominas Gómez,anguitajose-miguel@example.org,2023-08-24,ES,2002-08-11
75,Odalis Jaén Peinado,ainaracarbo@example.net,2024-11-01,ES,1960-05-01
76,Luis Miguel Amigó Mesa,eloisacarbo@example.org,2024-10-31,CO,1966-08-31
77,Nuria Herrero-Cal,tpuente@example.org,2023-11-15,ES,1950-09-02
78,Fulgencio Romero Pellicer,remedios91@example.net,2023-11-18,ES,1998-10-04
79,Sandra Trillo Camacho,velascoflora@example.com,2024-11-21,CO,1946-05-12
80,Isaac Echeverría Vélez,oparedes@example.com,2023-09-13,MX,1993-08-19
81,Edelmira Mora-Higueras,encarnacion87@example.com,2023-10-31,MX,1975-02-21
82,Mariana Pinilla Navarrete,lorenzosocorro@example.com,2023-03-24,MX,1962-02-04
83,Cloe Pacheco Jordán,urrutiarenata@example.com,2024-03-07,ES,1957-11-15
84,Celestina Boada,lino94@example.net,2023-03-13,AR,1946-03-11
85,Onofre del Tudela,lolaramos@example.com,2023-10-28,CO,1983-04-12
86,Nydia Hervia Medina,falemany@example.com,2023-11-25,MX,1960-07-30
87,Eusebia del Santiago,ainara88@example.com,2024-06-30,ES,1974-06-15
88,Fausto Carreras,mariano43@example.org,2023-09-20,MX,1994-08-01
89,Porfirio Zamorano-Luna,gregoriogascon@example.net,2023-10-25,MX,1978-06-13
90,Eutropio Alcalá Castañeda,ferreramanu@example.org,2024-11-05,AR,1970-01-21
91,Melchor Tudela Calderon,artemio08@example.com,2023-06-13,ES,1992-12-16
92,Catalina Aznar Iriarte,luisadora@example.com,2024-01-24,CO,1975-06-22
93,Luis Baeza Cordero,ecarbonell@example.com,2024-11-25,AR,1978-12-18
94,León Rico Gonzalez,obduliamateu@example.org,2024-09-25,CO,1962-05-22
95,Inés Mayoral-Barrena,csanjuan@example.com,2024-03-26,ES,2004-01-13
96,Cayetano Heredia Durán,galianoeufemia@example.org,2024-01-24,ES,1963-07-05
97,José Emelina Antúnez Guardiola,crespiabilio@example.com,2023-07-22,ES,1976-02-27
98,Óscar del Figuerola,lara47@example.org,2023-01-05,CO,1992-04-11
99,Wálter Larrañaga Cisneros,icardona@example.org,2023-12-30,CO,1989-07-28
100,Águeda Malo-Saavedra,barredafito@example.com,2023-10-30,ES,1985-12-28
101,Elena Vall Uribe,solisjennifer@example.com,2024-11-11,CO,1993-02-11
102,Paulina Mora Ibáñez,mbernat@example.org,2023-06-25,CO,2006-01-09
103,Maristela Almansa-Leon,bravojenaro@example.net,2023-09-25,CO,2002-05-21
104,África Lobo Escudero,diezadoracion@example.net,2024-03-02,CO,1989-11-01
105,Eva Montesinos Calvo,ftellez@example.com,2023-08-25,MX,1969-03-06
106,Natanael Herberto Arco Sanz,narcisorequena@example.net,2023-12-20,CO,1979-03-20
107,Teresa Vilar Abella,mirandajose-antonio@example.com,2024-02-14,ES,1953-05-22
108,María Ángeles Valentín Salamanca,dreyes@example.org,2023-04-26,AR,1980-10-11
109,Isidoro Valerio Tormo Carrión,frutosjuanito@example.net,2024-06-28,ES,1954-06-01
110,Adoración del Buendía,herasleire@example.org,2023-01-02,AR,1966-08-24
111,Josep Manzanares Verdú,prudenciacarballo@example.com,2023-11-14,CO,1953-06-29
112,Blanca del Farré,severo77@example.org,2023-06-21,AR,1976-08-01
113,Evita Vera Lastra,rosariobanos@example.com,2024-03-30,ES,1998-01-29
114,Marina Tovar-Comas,lunalucila@example.com,2023-09-28,CO,2002-06-28
115,Florinda del Montserrat,wtome@example.com,2024-03-02,MX,1983-01-21
116,Tiburcio del Arranz,joseharo@example.net,2024-07-27,AR,1971-07-24
117,Jose Miguel Arco Cases,marcela76@example.com,2024-10-03,AR,1990-08-31
118,Adoración Cobos Redondo,ruth17@example.org,2024-10-08,AR,1981-04-16
119,Nydia Gisela Bernat Moya,carlitosoria@example.com,2023-10-22,ES,1968-07-15
120,Trini Araujo Bayona,omoliner@example.net,2023-01-22,ES,2005-11-21
121,Isaac Cabello Cabrera,evangelinamadrigal@example.org,2023-11-11,ES,1996-04-25
122,Alonso Morata Barba,sdelgado@example.com,2024-08-17,ES,2006-12-23
123,Guiomar Escolano,plinio56@example.org,2023-03-01,MX,1962-02-12
124,María Teresa Hernando Valenciano,gabinobermudez@example.net,2023-11-03,ES,2004-10-04
125,Dominga Agustí Sola,jesusserra@example.net,2024-07-24,CO,1962-10-13
126,Maristela Martínez Rodrigo,ines82@example.org,2024-08-25,AR,1975-07-24
127,Ascensión Gálvez Pizarro,yago43@example.com,2023-10-30,ES,2003-07-27
128,Eli Aguiló Avilés,consuelo44@example.org,2023-04-13,MX,2001-12-25
129,Constanza Falcón Iglesia,xmacias@example.org,2024-02-13,ES,1986-10-23
130,Fabián Saez Aragonés,eusebiacaballero@example.net,2023-09-29,MX,1989-06-25
131,Carmelita Font Catalán,lupita21@example.com,2023-12-03,ES,1967-09-25
132,Rosenda Marquez Nevado,bernarda84@example.org,2023-05-14,MX,1962-12-27
133,Tito del Paz,soliscarlos@example.org,2024-02-03,MX,1996-10-26
134,Javi Pedrosa Juárez,pratalberto@example.com,2024-07-29,CO,1982-01-05
135,Aitana Mosquera Giralt,gpera@example.net,2023-07-03,ES,1961-05-30
136,Azahar Chaves Arrieta,simovirginia@example.net,2023-09-14,ES,1966-01-23
137,Vicente de Pont,mayoamerica@example.org,2023-10-08,MX,1952-02-11
138,Hortensia de Ribera,qpelaez@example.net,2024-08-09,CO,1992-11-23
139,Onofre Pellicer Gaya,tovarencarnacion@example.com,2024-01-27,ES,1964-07-14
140,Macaria Palmer Barrera,psales@example.com,2024-05-05,AR,1952-04-05
141,Apolonia Garay Almazán,mllorente@example.org,2024-10-02,MX,2003-03-17
142,Clarisa Bayona-Galan,mugicajose-francisco@example.org,2024-11-11,ES,1999-01-20
143,Rufino Acedo Lluch,odalisguijarro@example.com,2023-03-18,AR,1998-03-13
144,Blas Alcolea Palma,eladioiglesia@example.org,2023-09-03,MX,1952-12-24
145,Amancio Castañeda-Robledo,dionisiamorante@example.org,2024-06-19,ES,1957-05-10
146,Loida Canales Sans,bartolomealba@example.com,2023-04-28,ES,1998-06-11
147,Encarna Sedano,encarnacionaroca@example.net,2024-05-20,ES,1998-10-19
148,Jose Luis Salcedo Beltrán,barreraalejandra@example.com,2023-12-10,CO,1974-07-05
149,Emigdio Morcillo Piquer,montserratema@example.org,2023-01-05,AR,1949-12-20
150,Teodosio Garrido Ropero,wilfredo89@example.com,2024-11-27,AR,1952-04-01
151,Gloria Ricart Bustamante,agracia@example.com,2023-10-09,CO,2001-10-21
152,Anabel Bou Blázquez,teofilo54@example.com,2023-01-13,AR,1955-11-20
153,Ruperta Castillo Barreda,rosalesclemente@example.net,2023-11-23,MX,1995-10-10
154,Teófila Aznar Maestre,herminia16@example.com,2023-09-25,ES,2004-12-12
155,Nando Toledo Gomez,pastor19@example.net,2023-05-20,AR,1959-12-23
156,Rico Lopez Gonzalo,ordonezramona@example.net,2023-02-18,MX,1970-07-06
157,Alberto Escribano-Llano,mamo@example.net,2023-02-07,ES,2001-12-11
158,Lorenzo Pérez Baños,africa55@example.org,2023-12-17,AR,1957-11-04
159,Concepción Peñalver,manuanglada@example.org,2023-08-24,AR,1996-04-09
160,Poncio Fermín Blazquez Badía,vsantiago@example.org,2023-10-27,ES,1970-09-06
161,Ismael Rodrigo-Torralba,faustoayala@example.net,2024-03-25,ES,1951-01-19
162,Aurora Ochoa,rribas@example.org,2024-03-03,ES,1996-11-15
163,Lara Águila-Mendez,scantero@example.net,2023-07-13,ES,1991-09-02
164,Cristian Mata Galván,gimenezruperto@example.net,2024-05-11,ES,1949-03-24
165,Abraham Valencia Ros,maria-cristinajaume@example.com,2023-10-07,ES,1967-10-30
166,Josué del Bello,efrainpinto@example.net,2024-11-03,ES,1993-05-20
167,Tomás Millán Román,barnal@example.org,2023-03-14,AR,1976-10-14
168,Fermín Duarte Seguí,srios@example.org,2023-07-22,AR,1973-01-23
169,Gracia Zamora-Bermúdez,chus61@example.org,2023-06-27,CO,1975-02-23
170,Reyes Diéguez Benito,vmenendez@example.com,2023-12-29,CO,1960-07-30
171,Desiderio Calderon Coll,vianaguillermo@example.com,2024-07-01,ES,1969-05-23
172,Chus Uribe Simó,hector29@example.org,2024-11-25,ES,1997-03-26
173,Anabel Somoza Salamanca,omoraleda@example.com,2023-05-09,ES,1955-10-10
174,Angelina Menéndez,natividad49@example.org,2023-06-03,AR,1969-06-13
175,Antonio Mohamed Bosch Vendrell,csans@example.org,2023-03-30,ES,1970-08-05
176,Jafet Fabra Montoya,lsevillano@example.net,2024-06-09,CO,1999-05-20
177,Santiago Nuñez Blasco,jvallejo@example.org,2024-01-24,ES,1976-02-27
178,Luciana Yáñez Cuenca,anibalhuguet@example.net,2023-12-29,CO,1975-04-16
179,Nidia Badía Nadal,ramon46@example.com,2023-08-26,AR,1998-03-15
180,Elodia Iniesta Conesa,murciaciriaco@example.net,2024-09-14,AR,1991-08-31
181,Belén Blazquez Menendez,ceferino92@example.com,2023-06-14,ES,1966-08-11
182,Araceli Roda,imoya@example.net,2023-02-24,ES,1993-04-29
183,Raquel Torre Fernandez,alejandro54@example.org,2024-10-02,MX,1960-01-28
184,José Luis Zurita Arellano,emigdiocortina@example.org,2023-07-12,ES,1965-08-17
185,Ceferino Escrivá Daza,sarita92@example.net,2023-07-03,CO,1971-02-19
186,Iván del Sanchez,aarranz@example.com,2023-04-24,ES,1991-07-12
187,Yaiza Ferrera Pedro,bibianaharo@example.com,2024-05-23,CO,2000-07-11
188,Lidia Álamo Riquelme,xserrano@example.com,2024-06-17,CO,1998-06-14
189,Amancio Terrón-Pera,olgaflores@example.net,2023-01-13,ES,1954-12-01
190,Rico Cueto Llamas,villalobosrenata@example.org,2024-01-21,CO,1964-11-24
191,Sebastian del Olmedo,jvilanova@example.com,2023-04-10,ES,1951-09-28
192,Custodia Polo Bilbao,riberabalduino@example.com,2024-08-03,MX,1979-08-30
193,Rosa María Coll Cervantes,jacobo05@example.org,2024-09-08,ES,2002-08-09
194,Reynaldo Somoza Sanabria,madridyessica@example.com,2023-06-15,ES,1992-11-12
195,Leocadio Álamo Rocha,bernadalejo@example.com,2024-03-30,ES,1960-03-05
196,Dimas Rivas Sebastián,maldonadojordan@example.com,2023-09-17,ES,1953-10-16
197,Adriana de Cobo,canteropiedad@example.com,2024-08-26,ES,1986-02-09
198,Hilda Exposito-Boada,timoteo09@example.com,2024-08-21,MX,1961-11-14
199,Manola Almagro,borja88@example.net,2023-01-21,ES,1999-01-06
200,Dolores Alegre Palau,csoriano@example.net,2023-06-12,ES,1971-10-29
